City_ID,City,Lat,Lng,MaxTemp,Humidity,Clouds,Wind,Country,Date
0,Jaisalmer,26.91,70.91,309.54,29,0,2.05,IN,Sun Mar 31 23:54:19 2019
1,Artyom,40.47,50.33,283.15,81,90,6.2,AZ,Sun Mar 31 23:30:00 2019
2,Carnarvon,-24.87,113.63,303.15,62,36,6.2,AU,Sun Mar 31 23:00:00 2019
3,Turukhansk,65.8,87.96,272.24,100,76,3.4,RU,Sun Mar 31 23:54:20 2019
4,Toba tek singh,30.98,72.49,303.54,62,0,2.05,PK,Sun Mar 31 23:54:02 2019
5,Faanui,-16.48,-151.75,302.84,98,0,1.45,PF,Sun Mar 31 23:54:21 2019
6,Yozgat,39.82,34.81,277.09,78,76,1.95,TR,Sun Mar 31 23:54:21 2019
7,Abong mbang,3.98,13.18,294.89,92,8,1.3,CM,Sun Mar 31 23:54:22 2019
8,Punta arenas,-53.16,-70.91,283.15,93,75,2.6,CL,Sun Mar 31 23:52:26 2019
9,Makat,47.65,53.35,281.04,94,0,3.15,KZ,Sun Mar 31 23:54:23 2019
10,Albany,-35.02,117.88,299.15,50,0,6.7,AU,Sun Mar 31 23:00:00 2019
11,Bubaque,11.28,-15.83,301.39,90,8,3.75,GW,Sun Mar 31 23:54:24 2019
12,Atuona,-9.8,-139.03,301.39,98,8,5.9,PF,Sun Mar 31 23:54:24 2019
13,Saint-philippe,-21.36,55.77,305.15,58,0,4.1,RE,Sun Mar 31 23:50:11 2019
14,Qaanaaq,77.48,-69.36,255.19,74,68,2.6,GL,Sun Mar 31 23:54:25 2019
15,Chuy,-33.69,-53.46,292.94,95,88,2.1,UY,Sun Mar 31 23:54:26 2019
16,Klaksvik,62.23,-6.59,279.15,81,88,8.2,FO,Sun Mar 31 23:20:00 2019
17,Kangaatsiaq,68.31,-53.46,265.94,100,64,7.3,GL,Sun Mar 31 23:54:27 2019
18,Paso de carrasco,-34.86,-56.05,292.59,93,20,2.7,UY,Sun Mar 31 23:45:21 2019
19,Almunecar,36.73,-3.69,284.82,93,40,2.1,ES,Sun Mar 31 23:51:45 2019
20,Rikitea,-23.12,-134.97,298.09,100,48,6.3,PF,Sun Mar 31 23:54:29 2019
21,Torbay,47.66,-52.73,280.93,100,90,6.7,CA,Sun Mar 31 23:53:31 2019
22,Beringovskiy,63.05,179.32,273.34,97,88,6.55,RU,Sun Mar 31 23:54:30 2019
23,Keflavik,64,-22.56,273.15,92,75,4.1,IS,Sun Mar 31 23:51:54 2019
24,Anadyr,64.73,177.51,273.15,93,90,12,RU,Sun Mar 31 23:52:26 2019
25,Olaine,56.79,23.93,276.48,69,0,3.1,LV,Sun Mar 31 23:52:08 2019
26,Benguela,-12.58,13.4,300.24,100,32,1.9,AO,Sun Mar 31 23:54:33 2019
27,Ushuaia,-54.81,-68.31,280.15,100,90,5.7,AR,Sun Mar 31 23:00:00 2019
28,Port alfred,-33.59,26.89,291.09,84,0,11.5,ZA,Sun Mar 31 23:54:34 2019
29,Victoria,-4.62,55.45,304.15,70,40,3.1,SC,Sun Mar 31 23:00:00 2019
30,Tuktoyaktuk,69.44,-133.03,264.04,91,56,9.3,CA,Sun Mar 31 23:54:34 2019
31,San juan de los morros,9.91,-67.35,291.64,96,24,0.95,VE,Sun Mar 31 23:50:22 2019
32,Busselton,-33.64,115.35,298.71,33,92,3.9,AU,Sun Mar 31 23:52:43 2019
33,Arraial do cabo,-22.97,-42.02,295.54,100,44,0.9,BR,Sun Mar 31 23:54:36 2019
34,Puerto ayora,-0.74,-90.35,298.89,96,64,2.7,EC,Sun Mar 31 23:54:36 2019
35,Zelenoborsk,61.47,64.05,273.09,86,92,3.1,RU,Sun Mar 31 23:54:37 2019
36,Yellowknife,62.45,-114.38,272.15,80,75,9.8,CA,Sun Mar 31 23:53:27 2019
37,Sur,22.57,59.53,299.79,83,0,1.15,OM,Sun Mar 31 23:54:38 2019
38,East london,-33.02,27.91,291.15,68,75,10.8,ZA,Sun Mar 31 23:01:00 2019
39,Namtsy,62.72,129.66,273.15,60,0,2,RU,Sun Mar 31 23:30:00 2019
40,Apac,1.98,32.53,296.19,92,24,1.95,UG,Sun Mar 31 23:54:39 2019
41,Saldanha,-33.01,17.94,286.15,87,40,1,ZA,Sun Mar 31 23:00:00 2019
42,Fortuna,40.6,-124.16,284.82,87,90,2.1,US,Sun Mar 31 23:53:57 2019
43,Jamestown,-15.94,-5.72,297.44,100,92,7,SH,Sun Mar 31 23:54:40 2019
44,Sao filipe,14.9,-24.5,293.94,100,0,6.7,CV,Sun Mar 31 23:54:41 2019
45,New norfolk,-42.78,147.06,290.15,42,40,4.6,AU,Sun Mar 31 23:54:14 2019
46,Lake shore,46.49,-94.36,272.15,100,90,3.15,US,Sun Mar 31 23:53:23 2019
47,Bethel,60.79,-161.76,278.15,86,1,2.6,US,Sun Mar 31 22:56:00 2019
48,Narsaq,60.91,-46.05,263.15,40,0,5.1,GL,Sun Mar 31 22:50:00 2019
49,Hermanus,-34.42,19.24,288.15,75,76,0.45,ZA,Sun Mar 31 23:46:48 2019
50,Kalabagh,34.07,73.37,300.93,22,0,4.02,PK,Sun Mar 31 23:51:11 2019
51,Bonthe,7.53,-12.5,300.54,90,48,1.65,SL,Sun Mar 31 23:54:45 2019
52,Bay roberts,47.58,-53.28,280.93,100,90,6.7,CA,Sun Mar 31 23:53:31 2019
53,Ostrovnoy,68.05,39.51,267.44,86,0,8.85,RU,Sun Mar 31 23:54:46 2019
54,San patricio,19.22,-104.7,288.94,100,0,1.1,MX,Sun Mar 31 23:54:47 2019
55,Mendeleyevsk,55.89,52.31,278.15,75,20,7,RU,Sun Mar 31 23:30:00 2019
56,Hope,49.38,-121.43,283.15,57,1,2.6,CA,Sun Mar 31 23:46:27 2019
57,Barrow,39.51,-90.4,275.37,86,1,1.75,US,Sun Mar 31 23:54:19 2019
58,Vaini,-21.2,-175.2,299.15,83,20,4.1,TO,Sun Mar 31 23:00:00 2019
59,Hilo,19.71,-155.08,297.15,83,90,3.6,US,Sun Mar 31 23:50:30 2019
60,Khatanga,71.98,102.47,272.39,94,20,2.45,RU,Sun Mar 31 23:54:50 2019
61,Chapais,49.78,-74.86,259.15,60,1,3.6,CA,Sun Mar 31 23:00:00 2019
62,Miles city,46.41,-105.84,276.15,64,90,2.6,US,Sun Mar 31 23:53:17 2019
63,Moree,-29.46,149.84,298.15,27,0,2.1,AU,Sun Mar 31 23:45:49 2019
64,Hai duong,20.94,106.32,296.15,100,90,5.7,VN,Sun Mar 31 23:00:00 2019
65,Bud,62.91,6.91,278.15,69,75,6.7,NO,Sun Mar 31 23:46:12 2019
66,Coquimbo,-29.95,-71.34,286.15,82,0,1,CL,Sun Mar 31 23:00:00 2019
67,Ponta do sol,17.2,-25.09,293.15,64,20,4.6,CV,Sun Mar 31 23:00:00 2019
68,Kalmunai,7.42,81.82,306.54,62,0,2.05,LK,Sun Mar 31 23:54:54 2019
69,Havre-saint-pierre,50.23,-63.6,276.15,100,90,4.1,CA,Sun Mar 31 23:08:00 2019
70,Pompeu,-21.05,-48.85,297.15,57,0,1.5,BR,Sun Mar 31 23:00:00 2019
71,Vao,-22.67,167.48,298.84,100,32,4.95,NC,Sun Mar 31 23:54:56 2019
72,Cape town,-33.93,18.42,289.26,62,20,4.6,ZA,Sun Mar 31 23:52:06 2019
73,Mount gambier,-37.83,140.78,291.15,52,90,3.1,AU,Sun Mar 31 23:00:00 2019
74,Chokurdakh,70.62,147.9,266.24,90,0,2.3,RU,Sun Mar 31 23:54:57 2019
75,Nikolskoye,59.7,30.79,276.48,80,0,7,RU,Sun Mar 31 23:51:53 2019
76,Port hardy,50.7,-127.42,274.15,87,5,1.5,CA,Sun Mar 31 23:00:00 2019
77,Bluff,-46.6,168.33,281.48,86,68,1.34,NZ,Sun Mar 31 23:50:06 2019
78,Norman wells,65.28,-126.83,273.15,93,90,6.7,CA,Sun Mar 31 23:00:00 2019
79,Walvis bay,-22.95,14.51,291.15,77,0,3.1,NA,Sun Mar 31 23:02:15 2019
80,Hobart,-42.88,147.33,290.15,42,40,4.6,AU,Sun Mar 31 23:54:14 2019
81,Mar del plata,-46.43,-67.52,290.74,48,92,7.8,AR,Sun Mar 31 23:55:00 2019
82,Cherskiy,68.75,161.3,264.29,63,20,2.2,RU,Sun Mar 31 23:55:01 2019
83,Usinsk,66,57.56,271.19,95,20,4.2,RU,Sun Mar 31 23:55:01 2019
84,Blackwater,-23.58,148.88,301.94,33,0,2.9,AU,Sun Mar 31 23:55:02 2019
85,Thompson,55.74,-97.86,265.15,61,20,1.5,CA,Sun Mar 31 23:00:00 2019
86,Bredasdorp,-34.53,20.04,288.15,67,44,3.1,ZA,Sun Mar 31 23:46:48 2019
87,Tasiilaq,65.61,-37.64,268.15,73,64,2.1,GL,Sun Mar 31 22:50:00 2019
88,Georgetown,-7.93,-14.42,300.89,100,32,7.55,SH,Sun Mar 31 23:55:04 2019
89,Hervey bay,-25.3,152.85,300.37,50,40,8.2,AU,Sun Mar 31 23:45:38 2019
90,Arys,42.43,68.8,283.15,71,75,7,KZ,Sun Mar 31 23:30:00 2019
91,Barcelos,-0.97,-62.93,299.19,90,32,1.25,BR,Sun Mar 31 23:55:05 2019
92,Dunedin,-45.87,170.5,286.48,55,12,7.6,NZ,Sun Mar 31 23:48:39 2019
93,Fort frances,48.61,-93.4,271.15,92,90,2.1,CA,Sun Mar 31 23:45:03 2019
94,Ribeira grande,38.52,-28.7,287.15,71,75,2.6,PT,Sun Mar 31 23:30:00 2019
95,Hamilton,46.25,-114.15,274.26,78,92,0.89,US,Sun Mar 31 23:47:09 2019
96,Svetlogorsk,53.14,59.15,279.15,70,20,8,RU,Sun Mar 31 23:30:00 2019
97,Longyearbyen,78.22,15.64,258.15,71,20,3.1,SJ,Sun Mar 31 23:20:00 2019
98,Komsomolskiy,67.55,63.78,269.34,94,92,8.95,RU,Sun Mar 31 23:55:09 2019
99,Mecca,21.43,39.83,294.79,32,24,3.2,SA,Sun Mar 31 23:53:50 2019
100,Hambantota,6.12,81.12,307.15,56,20,3.1,LK,Sun Mar 31 23:10:00 2019
101,Harper,4.38,-7.71,301.74,97,0,0.75,LR,Sun Mar 31 23:55:11 2019
102,Kathu,7.91,98.33,303.15,66,40,4.1,TH,Sun Mar 31 23:00:00 2019
103,Tucurui,-3.77,-49.67,296.84,97,76,1.05,BR,Sun Mar 31 23:55:12 2019
104,Hit,33.64,42.83,284.59,97,80,6.15,IQ,Sun Mar 31 23:55:12 2019
105,Nelson bay,-32.72,152.14,290.93,100,90,2.6,AU,Sun Mar 31 23:50:34 2019
106,Saint george,32.38,-64.68,292.15,88,40,3.6,BM,Sun Mar 31 23:46:11 2019
107,Touros,-5.2,-35.46,297.15,100,75,2.6,BR,Sun Mar 31 23:13:00 2019
108,Port lincoln,-34.72,135.86,292.54,84,76,1.2,AU,Sun Mar 31 23:55:14 2019
109,Castro,-42.48,-73.76,284.15,100,90,1.5,CL,Sun Mar 31 23:00:00 2019
110,Hamilton,32.3,-64.78,292.15,88,40,3.6,BM,Sun Mar 31 23:46:11 2019
111,Pisco,-13.71,-76.2,293.15,82,0,4.6,PE,Sun Mar 31 23:00:00 2019
112,Burns lake,54.23,-125.76,271.94,68,20,1.05,CA,Sun Mar 31 23:55:16 2019
113,Tual,-5.67,132.75,300.34,100,44,7.15,ID,Sun Mar 31 23:55:16 2019
114,San jeronimo,29.37,-110.79,293.15,29,40,1.5,MX,Sun Mar 31 23:54:16 2019
115,Isla vista,34.41,-119.86,290.37,81,1,3.65,US,Sun Mar 31 23:54:46 2019
116,Kaeo,-35.1,173.78,294.26,94,92,2.05,NZ,Sun Mar 31 23:38:04 2019
117,Kavaratti,10.57,72.64,301.44,100,0,2.55,IN,Sun Mar 31 23:55:18 2019
118,Ancud,-41.87,-73.83,284.15,100,90,1.5,CL,Sun Mar 31 23:00:00 2019
119,Kamaishi,39.28,141.86,277.15,77,75,2.1,JP,Sun Mar 31 23:00:00 2019
120,Kapaa,22.08,-159.32,296.15,73,1,4.1,US,Sun Mar 31 23:53:33 2019
121,Yumen,40.29,97.04,287.49,28,76,1.3,CN,Sun Mar 31 23:55:21 2019
122,Impfondo,1.64,18.07,298.54,88,8,1.65,CG,Sun Mar 31 23:55:21 2019
123,Mayo,63.59,-135.9,278.15,52,5,2.1,CA,Sun Mar 31 23:00:00 2019
124,Luanda,-8.83,13.24,299.15,83,75,1,AO,Sun Mar 31 23:00:00 2019
125,Gombong,-7.19,109.31,298.19,99,76,0.6,ID,Sun Mar 31 23:55:24 2019
126,Brigham city,41.51,-112.02,279.82,81,1,1.5,US,Sun Mar 31 23:55:12 2019
127,Dryden,49.79,-92.84,271.15,63,90,4.6,CA,Sun Mar 31 23:00:00 2019
128,Black river,18.03,-77.85,299.15,78,40,2.1,JM,Sun Mar 31 23:00:00 2019
129,Lynden,48.95,-122.46,283.71,75,1,0.95,US,Sun Mar 31 23:55:10 2019
130,Marsh harbour,26.54,-77.06,295.24,100,0,1.05,BS,Sun Mar 31 23:55:26 2019
131,Grand gaube,-20.01,57.66,303.15,66,40,1,MU,Sun Mar 31 23:54:01 2019
132,Tuatapere,-46.13,167.69,281.48,86,92,1.34,NZ,Sun Mar 31 23:50:06 2019
133,Ilulissat,69.22,-51.1,262.15,66,0,10.8,GL,Sun Mar 31 22:50:00 2019
134,Monrovia,6.33,-10.8,298.15,94,40,1.2,LR,Sun Mar 31 23:00:00 2019
135,Falam,22.91,93.68,301.34,40,0,0.75,MM,Sun Mar 31 23:55:29 2019
136,Kavieng,-2.57,150.8,302.49,97,80,4.35,PG,Sun Mar 31 23:55:29 2019
137,Padang,-0.92,100.36,302.15,74,20,2.6,ID,Sun Mar 31 23:00:00 2019
138,Avarua,-21.21,-159.78,301.15,88,64,5.1,CK,Sun Mar 31 23:30:00 2019
139,Beloha,-25.17,45.06,298.24,66,0,1.9,MG,Sun Mar 31 23:55:31 2019
140,Aden,12.79,45.03,300.09,96,64,7.5,YE,Sun Mar 31 23:55:31 2019
141,Troitsko-pechorsk,62.71,56.19,273.39,68,48,1.5,RU,Sun Mar 31 23:55:31 2019
142,Ballitoville,-29.54,31.21,297.04,94,20,2.1,ZA,Sun Mar 31 23:55:03 2019
143,Dukat,62.55,155.55,265.44,85,80,3.85,RU,Sun Mar 31 23:55:32 2019
144,Uk,55.08,98.86,285.84,50,20,1.75,RU,Sun Mar 31 23:55:33 2019
145,Mandiana,10.62,-8.7,296.09,75,0,2.45,GN,Sun Mar 31 23:55:33 2019
146,Port elizabeth,-33.92,25.57,291.15,68,20,10.8,ZA,Sun Mar 31 23:32:00 2019
147,Wawa,47.99,-84.77,264.89,81,12,2.5,CA,Sun Mar 31 23:55:35 2019
148,Fare,-16.7,-151.02,302.74,96,8,2,PF,Sun Mar 31 23:55:35 2019
149,Markova,52.21,104.21,284.15,43,0,4,RU,Sun Mar 31 23:30:00 2019
150,Isla mujeres,21.23,-86.73,299.15,74,20,3.6,MX,Sun Mar 31 23:52:21 2019
151,Severo-kurilsk,50.68,156.12,271.69,100,88,1.25,RU,Sun Mar 31 23:55:37 2019
152,Bambous virieux,-20.34,57.76,303.15,66,40,1,MU,Sun Mar 31 23:54:01 2019
153,Sovetskoye,51.44,46.74,281.15,52,0,5,RU,Sun Mar 31 23:30:00 2019
154,Provideniya,64.42,-173.23,272.04,96,76,2.5,RU,Sun Mar 31 23:55:39 2019
155,Hami,42.84,93.51,293.39,43,44,1.65,CN,Sun Mar 31 23:55:39 2019
156,Goundi,9.36,17.37,297.84,27,20,3.55,TD,Sun Mar 31 23:55:40 2019
157,Mahebourg,-20.41,57.7,303.15,66,40,1,MU,Sun Mar 31 23:54:01 2019
158,Tateyama,36.66,137.31,279.26,75,75,2.6,JP,Sun Mar 31 23:53:34 2019
159,Hay river,60.82,-115.79,276.15,69,75,9.3,CA,Sun Mar 31 23:00:00 2019
160,Hithadhoo,-0.6,73.08,301.39,100,36,1.2,MV,Sun Mar 31 23:54:47 2019
161,Pevek,69.7,170.27,258.89,57,36,1.4,RU,Sun Mar 31 23:55:42 2019
162,Dikson,73.51,80.55,271.29,100,68,8.7,RU,Sun Mar 31 23:55:42 2019
163,Nemuro,43.32,145.57,274.15,43,20,5.1,JP,Sun Mar 31 23:00:00 2019
164,Verkhnyaya toyma,62.24,45,271.29,71,0,2.1,RU,Sun Mar 31 23:55:43 2019
165,Mandali,33.75,45.55,287.69,99,92,2.2,IQ,Sun Mar 31 23:55:44 2019
166,Berezovka,57.6,57.31,276.24,90,64,8,RU,Sun Mar 31 23:55:45 2019
167,Fairbanks,64.84,-147.72,276.15,69,1,1.75,US,Sun Mar 31 23:52:15 2019
168,Aklavik,68.22,-135.01,268.15,79,75,3.1,CA,Sun Mar 31 23:16:00 2019
169,Lukuledi,-10.57,38.8,296.79,88,68,1.85,TZ,Sun Mar 31 23:55:47 2019
170,Viedma,-40.81,-62.99,293.04,73,36,4.05,AR,Sun Mar 31 23:55:47 2019
171,Somoto,13.48,-86.58,290.93,84,0,0.45,NI,Sun Mar 31 23:50:57 2019
172,Hasaki,35.73,140.83,286.15,50,75,4.6,JP,Sun Mar 31 23:54:36 2019
173,Balagansk,54.01,103.05,280.19,61,0,3.2,RU,Sun Mar 31 23:55:49 2019
174,Saint-joseph,-21.37,55.62,305.15,58,0,4.1,RE,Sun Mar 31 23:55:11 2019
175,Plettenberg bay,-34.05,23.37,290.24,100,76,11.6,ZA,Sun Mar 31 23:55:51 2019
176,Santa cruz,10.26,-85.58,299.15,61,0,1,CR,Sun Mar 31 23:00:00 2019
177,Hobyo,5.35,48.53,301.09,79,80,4.9,SO,Sun Mar 31 23:55:53 2019
178,Kahului,20.89,-156.47,298.15,69,40,2.1,US,Sun Mar 31 23:53:43 2019
179,Dingle,52.14,-10.27,276.15,86,20,1.5,IE,Sun Mar 31 23:30:00 2019
180,Yarada,17.65,83.27,305.15,62,75,5.1,IN,Sun Mar 31 23:00:00 2019
181,Sol-iletsk,51.16,55,278.09,88,32,5.2,RU,Sun Mar 31 23:55:55 2019
182,Tiksi,71.64,128.87,271.94,74,0,4,RU,Sun Mar 31 23:55:55 2019
183,Nanortalik,60.14,-45.24,269.14,100,20,8.5,GL,Sun Mar 31 23:55:56 2019
184,Ixtapa,20.71,-105.21,294.82,100,5,2.1,MX,Sun Mar 31 23:55:16 2019
185,Nantucket,41.28,-70.1,277.15,74,20,5.7,US,Sun Mar 31 23:55:23 2019
186,Sabang,1.17,120.82,301.19,100,32,3.2,ID,Sun Mar 31 23:55:58 2019
187,Evensk,61.92,159.24,273.34,85,88,8.3,RU,Sun Mar 31 23:55:58 2019
188,Byron bay,-28.65,153.62,298.15,50,40,6.7,AU,Sun Mar 31 23:55:19 2019
189,Monticello,33.63,-91.79,277.15,74,1,2.65,US,Sun Mar 31 23:52:17 2019
190,Bar harbor,44.39,-68.2,275.37,86,90,2.1,US,Sun Mar 31 23:55:17 2019
191,Wum,6.39,10.08,291.74,91,0,0.95,CM,Sun Mar 31 23:56:00 2019
192,Port blair,11.67,92.75,304.15,58,20,3.1,IN,Sun Mar 31 23:00:00 2019
193,Wajima,37.4,136.9,279.15,56,75,3.1,JP,Sun Mar 31 23:00:00 2019
194,Lopandino,52.46,34.82,280.04,69,0,5.9,RU,Sun Mar 31 23:56:01 2019
195,Nanchang,28.68,115.89,291.54,65,0,2.85,CN,Sun Mar 31 23:56:02 2019
196,Comodoro rivadavia,-45.87,-67.48,291.15,48,0,4.1,AR,Sun Mar 31 23:00:00 2019
197,Somanda,-3.37,33.95,294.19,87,36,2.25,TZ,Sun Mar 31 23:56:04 2019
198,Sitka,37.17,-99.65,273.71,66,56,1.34,US,Sun Mar 31 23:46:08 2019
199,Arman,59.7,150.17,270.24,69,76,5,RU,Sun Mar 31 23:56:05 2019
200,Miandoab,36.97,46.1,281.15,75,75,6.2,IR,Sun Mar 31 23:00:00 2019
201,Quarteira,37.07,-8.1,287.15,87,20,2.6,PT,Sun Mar 31 23:52:17 2019
202,Los llanos de aridane,28.66,-17.92,289.15,67,20,2.6,ES,Sun Mar 31 23:56:01 2019
203,Vila franca do campo,37.72,-25.43,286.15,76,75,4.6,PT,Sun Mar 31 23:30:00 2019
204,Alofi,-19.06,-169.92,298.15,94,92,2.1,NU,Sun Mar 31 23:00:00 2019
205,Geraldton,-28.77,114.6,300.15,61,40,7.2,AU,Sun Mar 31 23:00:00 2019
206,Champerico,14.3,-91.92,296.19,100,8,1.4,GT,Sun Mar 31 23:56:08 2019
207,Henties bay,-22.12,14.28,290.37,87,0,2.68,NA,Sun Mar 31 23:02:15 2019
208,Atar,20.52,-13.05,279.39,81,0,1.25,MR,Sun Mar 31 23:56:09 2019
209,Ahipara,-35.17,173.16,292.14,100,92,2.1,NZ,Sun Mar 31 23:56:09 2019
210,Koudougou,12.25,-2.37,299.09,61,44,2.95,BF,Sun Mar 31 23:55:03 2019
211,Uvalde,29.21,-99.79,279.15,46,90,1.5,US,Sun Mar 31 23:55:30 2019
212,Sieradz,51.6,18.74,277.04,69,0,5.7,PL,Sun Mar 31 23:55:29 2019
213,Bandarbeyla,9.49,50.81,299.69,100,88,1.95,SO,Sun Mar 31 23:56:12 2019
214,Ust-tsilma,65.44,52.15,271.44,79,0,2.7,RU,Sun Mar 31 23:56:12 2019
215,Camacha,33.08,-16.33,288.15,72,40,4.6,PT,Sun Mar 31 23:30:00 2019
216,Aswan,24.09,32.9,289.09,43,0,1.65,EG,Sun Mar 31 23:56:13 2019
217,Luwuk,-0.95,122.79,301.54,88,48,1.15,ID,Sun Mar 31 23:54:12 2019
218,Mezhdurechensk,53.69,88.07,276.79,87,12,1.95,RU,Sun Mar 31 23:56:14 2019
219,Adrar,27.87,-0.29,286.15,62,0,3.1,DZ,Sun Mar 31 23:00:00 2019
220,Mount isa,-20.73,139.49,303.15,30,0,4.1,AU,Sun Mar 31 23:00:00 2019
221,Lundazi,-12.29,33.17,295.89,74,0,3.3,ZM,Sun Mar 31 23:56:16 2019
222,Gejiu,23.36,103.16,293.54,70,36,1.3,CN,Sun Mar 31 23:56:17 2019
223,Luganville,-15.51,167.18,302.19,98,20,3.45,VU,Sun Mar 31 23:56:17 2019
224,Port-gentil,-0.72,8.78,298.15,94,20,2.1,GA,Sun Mar 31 23:00:00 2019
225,Deputatskiy,69.3,139.9,266.34,83,0,1.75,RU,Sun Mar 31 23:56:18 2019
226,Inyonga,-6.72,32.06,294.74,80,36,1.65,TZ,Sun Mar 31 23:56:19 2019
227,Yulara,-25.24,130.99,302.15,14,0,4.6,AU,Sun Mar 31 23:00:00 2019
228,Saskylakh,71.97,114.09,271.34,95,68,5.9,RU,Sun Mar 31 23:56:20 2019
229,Nouadhibou,20.93,-17.03,289.15,87,0,5.1,MR,Sun Mar 31 23:00:00 2019
230,Constitucion,-35.33,-72.42,284.59,96,68,4.3,CL,Sun Mar 31 23:56:21 2019
231,Lakes entrance,-37.88,147.99,291.48,63,0,2.5,AU,Sun Mar 31 23:55:01 2019
232,Borovskoy,53.8,64.15,279.04,74,0,6.85,KZ,Sun Mar 31 23:56:22 2019
233,Mao,14.12,15.31,295.09,21,0,6.7,TD,Sun Mar 31 23:56:23 2019
234,Borovoy,63.23,52.89,270.69,70,24,1.9,RU,Sun Mar 31 23:56:23 2019
235,Bilibino,68.06,166.44,264.94,76,88,1.2,RU,Sun Mar 31 23:56:24 2019
236,Toyooka,35.55,134.82,279.15,100,75,2.1,JP,Sun Mar 31 23:00:00 2019
237,Miri,4.41,114.01,305.15,59,75,2.6,MY,Sun Mar 31 23:00:00 2019
238,Marawi,18.48,31.82,292.44,28,0,3.6,SD,Sun Mar 31 23:56:25 2019
239,Necochea,-38.55,-58.74,290.93,79,88,1.34,AR,Sun Mar 31 23:46:08 2019
240,Svay rieng,11.08,105.8,306.04,67,32,3.9,KH,Sun Mar 31 23:56:26 2019
241,Kearney,40.7,-99.08,276.48,69,1,4.1,US,Sun Mar 31 23:56:03 2019
242,Wanaka,-44.7,169.14,281.64,49,0,2.85,NZ,Sun Mar 31 23:56:27 2019
243,Tura,64.27,100.22,275.89,78,92,3.3,RU,Sun Mar 31 23:56:27 2019
244,Kuryk,43.18,51.68,280.44,83,80,10.15,KZ,Sun Mar 31 23:56:28 2019
245,Butaritari,3.07,172.79,302.24,99,48,5.95,KI,Sun Mar 31 23:52:24 2019
246,Antalaha,-14.9,50.28,301.54,87,56,1.6,MG,Sun Mar 31 23:56:29 2019
247,Linqiong,30.42,103.46,289.15,77,40,1.15,CN,Sun Mar 31 23:00:00 2019
248,Paamiut,61.99,-49.67,268.19,100,12,5.6,GL,Sun Mar 31 23:56:30 2019
249,Niquelandia,-14.47,-48.46,295.24,86,88,1.25,BR,Sun Mar 31 23:56:31 2019
250,Manokwari,-0.87,134.08,300.99,99,76,6.25,ID,Sun Mar 31 23:56:31 2019
251,Cururupu,-1.82,-44.87,295.54,100,92,0.75,BR,Sun Mar 31 23:56:33 2019
252,Broome,-17.97,122.23,310.15,25,0,5.7,AU,Sun Mar 31 23:00:00 2019
253,Zhigansk,66.77,123.37,271.54,68,76,4.05,RU,Sun Mar 31 23:56:34 2019
254,Callaway,46.98,-95.91,273.15,92,90,1.6,US,Sun Mar 31 23:39:00 2019
255,Alice springs,-23.7,133.88,300.15,13,0,5.1,AU,Sun Mar 31 23:30:00 2019
256,Douglas,31.51,-82.85,285.15,50,40,2.6,US,Sun Mar 31 23:55:39 2019
257,Talnakh,69.49,88.39,272.04,97,88,5.25,RU,Sun Mar 31 23:56:36 2019
258,Esperance,-33.86,121.89,306.15,19,0,8.2,AU,Sun Mar 31 23:00:00 2019
259,Klosterneuburg,48.3,16.32,283.15,70,24,2.1,AT,Sun Mar 31 23:56:08 2019
260,Griffith,-34.29,146.06,296.15,40,90,3.6,AU,Sun Mar 31 23:00:00 2019
261,Valparaiso,-33.04,-71.63,285.15,87,0,1.2,CL,Sun Mar 31 23:00:00 2019
262,Oriximina,-1.77,-55.87,297.19,98,32,1.05,BR,Sun Mar 31 23:53:06 2019
263,Suriapet,17.15,79.62,308.19,43,32,5.7,IN,Sun Mar 31 23:56:38 2019
264,Abha,18.22,42.5,294.15,55,20,5.1,SA,Sun Mar 31 23:00:00 2019
265,Te anau,-45.41,167.72,280.74,66,68,4.45,NZ,Sun Mar 31 23:56:39 2019
266,Tulsipur,28.13,82.29,302.24,31,0,2.1,NP,Sun Mar 31 23:56:40 2019
267,Utinga,-5.82,-35.4,297.15,100,75,2.6,BR,Sun Mar 31 23:13:00 2019
268,Lavrentiya,65.58,-170.99,270.94,98,88,1.55,RU,Sun Mar 31 23:56:41 2019
269,Achisu,42.65,47.68,283.15,76,40,12,RU,Sun Mar 31 23:30:00 2019
270,Port hawkesbury,45.62,-61.36,277.59,100,90,3.1,CA,Sun Mar 31 23:55:48 2019
271,Ovsyanka,53.58,126.91,275.74,24,0,2.65,RU,Sun Mar 31 23:56:42 2019
272,Riyadh,24.63,46.72,295.15,30,75,5.7,SA,Sun Mar 31 23:00:00 2019
273,Eydhafushi,5.1,73.07,301.69,100,0,0.35,MV,Sun Mar 31 23:52:03 2019
274,Kodiak,39.95,-94.76,275.37,43,1,4.6,US,Sun Mar 31 23:55:46 2019
275,Salalah,17.01,54.1,301.15,65,40,2.6,OM,Sun Mar 31 22:50:00 2019
276,Upernavik,72.79,-56.15,261.29,100,76,0.65,GL,Sun Mar 31 23:56:45 2019
277,Ugoofaaru,5.67,73,301.69,100,0,0.35,MV,Sun Mar 31 23:52:06 2019
278,Preobrazheniye,42.9,133.91,273.04,51,76,1.6,RU,Sun Mar 31 23:56:46 2019
279,Saint-pierre,-21.34,55.48,305.15,58,0,4.1,RE,Sun Mar 31 23:50:11 2019
280,Slatina,45.7,17.7,284.15,53,0,2.1,HR,Sun Mar 31 23:15:00 2019
281,Katsuura,33.93,134.5,282.59,61,75,9.3,JP,Sun Mar 31 23:34:18 2019
282,Isangel,-19.55,169.27,302.15,74,75,3.1,VU,Sun Mar 31 23:00:00 2019
283,Seoul,37.57,126.98,283.15,21,75,3.6,KR,Sun Mar 31 23:40:00 2019
284,Yushu,44.84,126.53,277.94,39,56,5.55,CN,Sun Mar 31 23:56:49 2019
285,Caravelas,-17.73,-39.27,300.29,100,0,5,BR,Sun Mar 31 23:56:50 2019
286,Tazovskiy,67.47,78.7,270.59,97,12,5.85,RU,Sun Mar 31 23:56:07 2019
287,Sevilla,4.26,-75.93,291.19,99,92,0.75,CO,Sun Mar 31 23:56:50 2019
288,Houston,54.4,-126.65,275.15,69,1,1.5,CA,Sun Mar 31 23:00:00 2019
289,Petropavlovsk-kamchatskiy,53.05,158.65,273.15,87,20,5,RU,Sun Mar 31 23:30:00 2019
290,Northam,-31.65,116.67,300.15,51,0,5.7,AU,Sun Mar 31 23:30:00 2019
291,Biak,-0.91,122.88,301.54,88,48,1.15,ID,Sun Mar 31 23:56:52 2019
292,Beterou,9.2,2.26,296.24,90,88,2.5,BJ,Sun Mar 31 23:56:53 2019
293,Buala,-8.15,159.59,302.49,82,92,2.65,SB,Sun Mar 31 23:56:53 2019
294,Nikel,69.41,30.22,268.15,79,40,17.5,RU,Sun Mar 31 23:20:00 2019
295,Makakilo city,21.35,-158.09,297.15,73,1,4.1,US,Sun Mar 31 23:56:33 2019
296,Pastos bons,-6.6,-44.09,296.44,95,48,0.95,BR,Sun Mar 31 23:56:55 2019
297,Lebu,-37.62,-73.65,285.59,98,88,5.85,CL,Sun Mar 31 23:56:55 2019
298,Launceston,-41.43,147.14,290.15,48,40,5.7,AU,Sun Mar 31 23:55:55 2019
299,Muravlenko,63.79,74.5,272.09,95,0,6.35,RU,Sun Mar 31 23:56:56 2019
300,Tavricheskoye,54.59,73.64,277.15,69,0,7,RU,Sun Mar 31 23:30:00 2019
301,Fort nelson,58.81,-122.69,273.15,57,5,2.6,CA,Sun Mar 31 23:00:00 2019
302,Napanee,44.25,-76.95,271.48,79,75,4.6,CA,Sun Mar 31 23:51:28 2019
303,Khuzhir,53.19,107.35,276.24,55,0,1.9,RU,Sun Mar 31 23:56:59 2019
304,La vergne,36.02,-86.58,275.37,62,1,3.6,US,Sun Mar 31 23:56:29 2019
305,Teya,60.37,92.63,274.54,77,76,3.95,RU,Sun Mar 31 23:57:05 2019
306,Yatou,33.81,104.32,288.59,26,0,0.9,CN,Sun Mar 31 23:57:05 2019
307,Ritchie,-29.03,24.6,294.15,40,0,1,ZA,Sun Mar 31 23:00:00 2019
308,Rovaniemi,66.5,25.72,268.15,62,0,3.6,FI,Sun Mar 31 23:20:00 2019
309,Kikwit,-5.04,18.82,297.34,93,12,1.9,CD,Sun Mar 31 23:57:07 2019
310,Lodja,-3.52,23.6,297.19,92,0,1.65,CD,Sun Mar 31 23:57:08 2019
311,Santa ana de yusguare,13.3,-87.11,293.94,79,0,0.85,HN,Sun Mar 31 23:57:08 2019
312,Tautira,-17.73,-149.15,300.15,83,40,1.5,PF,Sun Mar 31 23:52:22 2019
313,Yarkovo,54.81,82.6,278.15,56,40,6,RU,Sun Mar 31 23:30:00 2019
314,Hakodate,41.8,140.75,279.15,52,75,5.7,JP,Sun Mar 31 23:00:00 2019
315,Ingersoll,43.04,-80.88,268.71,85,75,2.6,CA,Sun Mar 31 23:56:27 2019
316,San vicente,14.11,122.87,300.39,100,0,5.75,PH,Sun Mar 31 23:57:11 2019
317,Korla,41.76,86.15,292.14,32,12,2.05,CN,Sun Mar 31 23:57:11 2019
318,Dezhou,37.45,116.31,291.69,27,0,4.7,CN,Sun Mar 31 23:57:12 2019
319,Hashtrud,37.48,47.05,275.84,100,92,2.1,IR,Sun Mar 31 23:57:12 2019
320,Presidencia roque saenz pena,-26.79,-60.44,295.14,94,36,4.05,AR,Sun Mar 31 23:57:13 2019
321,Taoudenni,22.68,-3.98,284.04,79,0,2.75,ML,Sun Mar 31 23:57:14 2019
322,Cayenne,4.94,-52.33,296.15,88,92,0.5,GF,Sun Mar 31 23:30:00 2019
323,The valley,18.22,-63.06,298.15,83,20,4.6,AI,Sun Mar 31 23:45:50 2019
324,Kenai,60.55,-151.26,275.93,91,1,2.6,US,Sun Mar 31 23:57:04 2019
325,Linjiang,41.81,126.91,273.04,44,64,4.6,CN,Sun Mar 31 23:57:16 2019
326,Helsinki,60.17,24.94,275.93,74,0,5.7,FI,Sun Mar 31 23:56:05 2019
327,Santa luzia,-19.77,-43.85,292.15,82,0,2.6,BR,Sun Mar 31 23:00:00 2019
328,Ossora,59.24,163.07,272.89,97,92,5.2,RU,Sun Mar 31 23:57:17 2019
329,Tondano,1.3,124.91,303.15,62,40,3.6,ID,Sun Mar 31 23:30:00 2019
330,Ginir,7.14,40.71,297.54,32,0,1.85,ET,Sun Mar 31 23:57:18 2019
331,Fasa,28.94,53.65,289.15,82,40,2.35,IR,Sun Mar 31 23:00:00 2019
332,Vostochnyy,55.82,37.87,279.15,74,75,7,RU,Sun Mar 31 23:45:59 2019
333,Biloela,-24.4,150.51,300.44,36,0,2.8,AU,Sun Mar 31 23:57:19 2019
334,Marfino,56.07,37.56,278.15,74,75,7,RU,Sun Mar 31 23:45:59 2019
335,Fort morgan,40.25,-103.8,273.71,64,0,2.1,US,Sun Mar 31 23:56:48 2019
336,Ballina,-28.87,153.57,297.15,50,40,6.7,AU,Sun Mar 31 23:53:38 2019
337,Katubao,5.89,124.83,308.15,39,40,4.1,PH,Sun Mar 31 23:00:00 2019
338,Mehran,33.12,46.17,288.09,100,92,1.4,IR,Sun Mar 31 23:57:22 2019
339,Pangnirtung,66.15,-65.72,258.44,81,68,3,CA,Sun Mar 31 23:57:23 2019
340,Maceio,-9.67,-35.74,297.15,94,20,1,BR,Sun Mar 31 23:00:00 2019
341,Oranjemund,-28.55,16.43,288.94,91,0,9.6,NA,Sun Mar 31 23:57:24 2019
342,Lujan,-46.57,-67.67,287.89,37,44,4.85,AR,Sun Mar 31 23:57:25 2019
343,Birao,10.3,22.78,297.44,21,0,7.2,CF,Sun Mar 31 23:57:25 2019
344,Tupik,54.43,119.94,271.34,44,68,2.2,RU,Sun Mar 31 23:57:25 2019
345,Inhambane,-23.87,35.38,297.15,78,20,2.2,MZ,Sun Mar 31 23:00:00 2019
346,Cidreira,-30.17,-50.22,291.84,93,0,1.7,BR,Sun Mar 31 23:57:27 2019
347,Clearlake,38.96,-122.63,287.15,44,75,1.15,US,Sun Mar 31 23:57:09 2019
348,Dharchula,29.85,80.53,280.94,83,32,0.3,IN,Sun Mar 31 23:57:28 2019
349,Fort beaufort,-32.78,26.63,287.19,75,88,5.1,ZA,Sun Mar 31 23:57:29 2019
350,Roma,-26.57,148.79,296.54,43,0,3.2,AU,Sun Mar 31 23:57:29 2019
351,Santiago del estero,-27.8,-64.26,294.64,100,92,2.1,AR,Sun Mar 31 23:57:30 2019
352,Eenhana,-17.48,16.34,296.15,73,75,1.5,NA,Sun Mar 31 23:00:00 2019
353,Amalapuram,16.58,82,306.15,46,40,3.1,IN,Sun Mar 31 23:30:00 2019
354,Buraydah,26.33,43.97,291.15,36,40,9.3,SA,Sun Mar 31 23:00:00 2019
355,Honiara,-9.43,159.96,300.74,78,92,1.15,SB,Sun Mar 31 23:55:05 2019
356,Deulgaon raja,20.02,76.04,311.15,10,0,1.5,IN,Sun Mar 31 23:00:00 2019
357,Asosa,10.07,34.53,299.14,20,0,1.8,ET,Sun Mar 31 23:57:33 2019
358,Lompoc,34.64,-120.46,290.37,81,1,3.2,US,Sun Mar 31 23:57:33 2019
359,Boden,65.83,21.69,271.15,63,0,5.1,SE,Sun Mar 31 23:20:00 2019
360,Okato,-39.19,173.88,292.04,80,80,3.8,NZ,Sun Mar 31 23:52:29 2019
361,Clyde river,70.47,-68.59,254.15,91,90,5.7,CA,Sun Mar 31 23:00:00 2019
362,Strezhevoy,60.73,77.6,275.15,74,75,5,RU,Sun Mar 31 23:30:00 2019
363,Aksu,52.04,76.93,281.15,49,40,3,KZ,Sun Mar 31 23:30:00 2019
364,Rawson,-43.3,-65.11,288.69,51,0,4.75,AR,Sun Mar 31 23:57:38 2019
365,Calabozo,8.92,-67.43,300.14,62,20,4.8,VE,Sun Mar 31 23:57:38 2019
366,Stromness,58.97,-3.3,277.59,86,20,4.1,GB,Sun Mar 31 23:50:03 2019
367,Tiznit,29.7,-9.73,285.89,93,24,0.9,MA,Sun Mar 31 23:53:33 2019
368,Limbang,4.75,115,305.15,52,75,3.6,MY,Sun Mar 31 23:30:00 2019
369,Soyo,-6.13,12.37,299.15,94,40,2.05,AO,Sun Mar 31 23:00:00 2019
370,Portland,-33.35,149.98,291.48,61,80,4.92,AU,Sun Mar 31 23:47:23 2019
371,Grootfontein,-19.56,18.1,292.15,77,75,2.1,NA,Sun Mar 31 23:00:00 2019
372,Aviles,43.55,-5.92,282.59,87,0,4,ES,Sun Mar 31 23:57:31 2019
373,Flinders,-34.58,150.85,293.71,63,40,4.1,AU,Sun Mar 31 23:57:16 2019
374,Natal,-5.81,-35.21,297.15,100,75,2.6,BR,Sun Mar 31 23:13:00 2019
375,Purwa,26.46,80.77,305.15,19,0,4.1,IN,Sun Mar 31 23:30:00 2019
376,Kabanjahe,3.1,98.49,301.15,78,40,5.7,ID,Sun Mar 31 23:47:57 2019
377,Mattru,7.62,-11.83,299.29,89,24,1.3,SL,Sun Mar 31 23:57:46 2019
378,Rio gallegos,-51.62,-69.22,284.15,93,92,3.1,AR,Sun Mar 31 23:00:00 2019
379,Merauke,-8.49,140.4,302.34,88,24,4.35,ID,Sun Mar 31 23:57:47 2019
380,Richards bay,-28.77,32.06,297.19,82,12,3.75,ZA,Sun Mar 31 23:57:48 2019
381,Porto-vecchio,41.59,9.28,283.15,70,0,2.6,FR,Sun Mar 31 23:30:00 2019
382,Victoria point,-27.58,153.3,298.71,50,0,5.7,AU,Sun Mar 31 23:57:35 2019
383,Itarema,-2.92,-39.92,295.74,100,92,2.4,BR,Sun Mar 31 23:57:49 2019
384,Mingshui,22.81,109.89,289.94,100,88,2.75,CN,Sun Mar 31 23:57:50 2019
385,Palmas de monte alto,-14.26,-43.16,295.09,87,68,4.85,BR,Sun Mar 31 23:57:50 2019
386,Reconquista,-29.14,-59.64,295.89,95,24,1.2,AR,Sun Mar 31 23:57:51 2019
387,Vardo,70.37,31.11,272.15,86,40,10.8,NO,Sun Mar 31 23:20:00 2019
388,Ishigaki,24.34,124.16,291.15,77,75,9.3,JP,Sun Mar 31 23:00:00 2019
389,Shubarkuduk,49.15,56.49,281.39,75,0,3.1,KZ,Sun Mar 31 23:57:52 2019
390,Puerto escondido,15.86,-97.07,301.24,100,88,2.85,MX,Sun Mar 31 23:57:53 2019
391,Leningradskiy,69.38,178.42,261.59,78,48,4.5,RU,Sun Mar 31 23:57:53 2019
392,Chekalin,54.1,36.24,278.15,56,75,8,RU,Sun Mar 31 23:30:00 2019
393,Caohe,32.93,105.08,289.26,58,0,1.15,CN,Sun Mar 31 23:57:31 2019
394,Boa vista,2.82,-60.67,301.15,54,0,4.1,BR,Mon Apr  1 00:00:00 2019
395,Nabire,-3.36,135.5,297.54,87,76,1.15,ID,Sun Mar 31 23:57:56 2019
396,Llanes,43.42,-4.75,287.04,90,0,1.35,ES,Sun Mar 31 23:56:12 2019
397,Eldorado,24.32,-107.36,291.48,86,0,1.15,MX,Sun Mar 31 23:57:17 2019
398,Flin flon,54.77,-101.88,267.04,65,12,2.05,CA,Sun Mar 31 23:57:58 2019
399,Kokuy,52.2,117.55,275.39,25,8,2.3,RU,Sun Mar 31 23:57:59 2019
400,Humberto de campos,-2.6,-43.46,297.69,100,92,3.75,BR,Sun Mar 31 23:57:59 2019
401,Grindavik,63.84,-22.43,273.15,92,75,4.1,IS,Sun Mar 31 23:51:54 2019
402,Dakar,14.69,-17.45,293.15,77,20,6.2,SN,Sun Mar 31 23:00:00 2019
403,Outlook,51.48,-107.04,271.48,76,48,0.45,CA,Sun Mar 31 23:45:28 2019
404,Manta,-0.95,-80.73,297.15,83,20,1.5,EC,Sun Mar 31 23:00:00 2019
405,Berlevag,70.86,29.09,273.15,86,75,10.8,NO,Sun Mar 31 23:20:00 2019
406,Ozinki,51.2,49.73,276.74,92,0,6.5,RU,Sun Mar 31 23:58:02 2019
407,Overtown,55.75,-3.91,278.15,75,32,2.6,GB,Sun Mar 31 23:57:21 2019
408,Nampula,-15.12,39.26,297.15,83,75,2.6,MZ,Sun Mar 31 23:00:00 2019
409,Sawakin,19.1,37.33,296.19,73,0,3.2,SD,Sun Mar 31 23:58:04 2019
410,Fujin,47.24,132.03,277.44,45,76,2.9,CN,Sun Mar 31 23:58:05 2019
411,Srednekolymsk,67.46,153.71,267.99,62,0,2.4,RU,Sun Mar 31 23:58:05 2019
412,Kaitangata,-46.28,169.85,283.71,58,8,5.36,NZ,Sun Mar 31 23:56:27 2019
413,Baykit,61.68,96.39,275.09,94,92,5.2,RU,Sun Mar 31 23:58:06 2019
414,Labuhan,-2.54,115.51,303.24,68,24,1.05,ID,Sun Mar 31 23:58:06 2019
415,Kiunga,-6.12,141.3,304.29,66,32,1.3,PG,Sun Mar 31 23:58:07 2019
416,Cajnice,43.56,19.07,283.15,46,0,2.6,BA,Sun Mar 31 23:30:00 2019
417,Suruc,36.98,38.42,283.15,87,75,1.5,TR,Sun Mar 31 23:20:00 2019
418,Atikokan,48.76,-91.62,265.29,78,0,2.05,CA,Sun Mar 31 23:53:10 2019
419,Calatayud,41.35,-1.64,283.15,81,92,4.1,ES,Sun Mar 31 23:45:15 2019
420,Bartlesville,36.75,-95.98,277.15,55,1,2.05,US,Sun Mar 31 23:55:16 2019
421,Kajaani,64.22,27.73,270.15,73,0,4.1,FI,Sun Mar 31 23:20:00 2019
422,Flic en flac,-20.27,57.36,303.15,66,40,1,MU,Sun Mar 31 23:54:01 2019
423,Nalut,31.86,10.98,288.14,89,0,7.25,LY,Sun Mar 31 23:58:11 2019
424,Camaqua,-30.85,-51.81,291.19,94,0,1.6,BR,Sun Mar 31 23:58:12 2019
425,Yangambi,0.77,24.47,297.19,96,32,1.35,CD,Sun Mar 31 23:58:12 2019
426,Sinnamary,5.38,-52.96,299.19,98,92,4.6,GF,Sun Mar 31 23:58:13 2019
427,Novopokrovka,45.85,134.51,273.94,51,88,1.9,RU,Sun Mar 31 23:58:13 2019
428,Lorengau,-2.02,147.27,302.29,92,32,6.25,PG,Sun Mar 31 23:58:14 2019
429,Burlington,44.47,-73.21,273.15,92,90,3.1,US,Sun Mar 31 23:54:31 2019
430,Flagstaff,35.2,-111.65,283.15,23,1,5.1,US,Sun Mar 31 23:54:42 2019
431,Orsk,51.23,58.47,282.15,61,0,10,RU,Sun Mar 31 23:00:00 2019
432,Abashiri,44.01,144.25,274.82,37,40,4.6,JP,Sun Mar 31 23:31:05 2019
433,Caltanissetta,37.49,14.06,285.37,66,40,2.6,IT,Sun Mar 31 23:54:33 2019
434,Kirakira,-10.46,161.92,302.34,99,76,3.8,SB,Sun Mar 31 23:58:17 2019
435,Ambilobe,-13.19,49.05,299.99,98,48,1.95,MG,Sun Mar 31 23:58:17 2019
436,Saint-francois,16.25,-61.27,295.15,88,0,0.5,GP,Sun Mar 31 23:30:00 2019
437,Sovetskiy,56.76,48.47,274.59,90,0,5.65,RU,Sun Mar 31 23:58:18 2019
438,Price,39.6,-110.81,276.15,47,1,1.5,US,Sun Mar 31 23:57:20 2019
439,Rajura,19.78,79.37,309.84,36,0,1.9,IN,Sun Mar 31 23:58:19 2019
440,Canora,51.64,-102.43,269.15,73,1,3.1,CA,Sun Mar 31 23:00:00 2019
441,Lake havasu city,34.47,-114.34,293.15,17,1,2.6,US,Sun Mar 31 23:53:25 2019
442,Roswell,33.39,-104.52,280.15,36,90,2.6,US,Sun Mar 31 23:54:08 2019
443,Dumas,35.87,-101.97,278.15,91,90,2.35,US,Sun Mar 31 23:46:46 2019
444,Lincoln,-43.64,172.49,292.15,37,0,9.8,NZ,Sun Mar 31 23:56:27 2019
445,Altyn-topkan,40.65,69.6,284.15,62,90,9,TJ,Sun Mar 31 23:30:00 2019
446,Constitucion,23.99,-104.67,286.59,47,0,3.65,MX,Sun Mar 31 23:58:23 2019
447,Pacific grove,36.62,-121.92,287.59,76,1,2.1,US,Sun Mar 31 23:58:11 2019
448,Warwick,-28.22,152.03,290.37,64,8,3.13,AU,Sun Mar 31 23:30:04 2019
449,Lagoa,37.14,-8.45,287.15,87,20,2.6,PT,Sun Mar 31 23:57:22 2019
450,Jalu,29.03,21.55,284.54,74,8,1.4,LY,Sun Mar 31 23:58:25 2019
451,Kununurra,-15.77,128.74,308.15,19,12,3.6,AU,Sun Mar 31 23:30:00 2019
452,Kruisfontein,-34,24.73,288.29,77,12,9.6,ZA,Sun Mar 31 23:58:26 2019
453,Nizhniy baskunchak,48.22,46.83,280.74,75,0,4.85,RU,Sun Mar 31 23:58:27 2019
454,Vostok,46.45,135.83,272.59,44,76,1.8,RU,Sun Mar 31 23:58:27 2019
455,Eau claire,44.81,-91.5,274.26,74,90,1.5,US,Sun Mar 31 23:53:44 2019
456,Dromolaxia,34.88,33.59,288.71,82,20,1,CY,Sun Mar 31 23:56:02 2019
457,Salinas,0.49,-78.13,282.09,100,48,0.9,EC,Sun Mar 31 23:58:29 2019
458,Lusambo,-4.97,23.44,296.54,88,8,1.5,CD,Sun Mar 31 23:58:29 2019
459,Orange cove,36.62,-119.31,290.15,87,1,1.25,US,Sun Mar 31 23:56:02 2019
460,Aykhal,65.95,111.51,274.19,78,44,3.8,RU,Sun Mar 31 23:58:30 2019
461,Oxelosund,58.67,17.1,274.15,86,0,2.1,SE,Sun Mar 31 23:20:00 2019
462,Sheltozero,61.37,35.37,269.89,77,12,4,RU,Sun Mar 31 23:58:31 2019
463,Tsiroanomandidy,-18.77,46.05,297.64,71,0,1.85,MG,Sun Mar 31 23:58:32 2019
464,Amuntai,-2.42,115.25,304.39,67,0,0.7,ID,Sun Mar 31 23:54:33 2019
465,Aguas formosas,-17.08,-40.94,289.39,95,0,1.15,BR,Sun Mar 31 23:58:32 2019
466,Tabriz,38.08,46.29,281.15,70,75,2.1,IR,Sun Mar 31 23:30:00 2019
467,Praya,-8.71,116.27,304.15,66,40,4.6,ID,Mon Apr  1 00:00:00 2019
468,Zhangjiakou,40.77,114.88,281.74,64,12,1.95,CN,Sun Mar 31 23:58:34 2019
469,Deming,32.27,-107.76,281.15,45,1,2.6,US,Sun Mar 31 23:55:11 2019
470,Nome,30.04,-94.42,280.15,86,1,2.3,US,Sun Mar 31 23:58:26 2019
471,Shingu,33.72,135.99,284.15,50,40,7.2,JP,Sun Mar 31 23:00:00 2019
472,Vanimo,-2.67,141.3,301.14,100,76,6.6,PG,Sun Mar 31 23:57:39 2019
473,Neijiang,29.59,105.06,290.49,100,44,2.05,CN,Sun Mar 31 23:58:36 2019
474,Havelock,34.88,-76.9,284.15,34,1,5.1,US,Sun Mar 31 23:53:42 2019
475,Egvekinot,66.32,-179.17,271.24,94,64,1.1,RU,Sun Mar 31 23:57:37 2019
476,Tazmalt,36.39,4.4,288.15,77,75,1.5,DZ,Sun Mar 31 23:50:58 2019
477,Itupiranga,-5.13,-49.33,298.15,100,40,2.6,BR,Sun Mar 31 23:00:00 2019
478,Chara,56.9,118.26,269.34,45,12,1.15,RU,Sun Mar 31 23:58:38 2019
479,Haikou,20.04,110.34,298.15,94,75,6,CN,Sun Mar 31 23:00:00 2019
480,Soloneshnoye,51.65,84.32,280.29,81,80,1.35,RU,Sun Mar 31 23:58:39 2019
481,Barroquinha,-3.02,-41.13,295.69,100,92,2.5,BR,Sun Mar 31 23:58:40 2019
482,Blackfoot,43.19,-112.35,277.59,55,1,4.1,US,Sun Mar 31 23:58:09 2019
483,Takab,36.4,47.11,276.24,100,92,1.3,IR,Sun Mar 31 23:58:41 2019
484,Delvine,39.95,20.1,288.15,87,0,0.9,AL,Sun Mar 31 23:53:43 2019
485,Palmer,61.6,-149.11,277.15,60,1,1.05,US,Sun Mar 31 23:56:13 2019
486,Cabo san lucas,22.89,-109.91,294.82,40,5,4.75,MX,Sun Mar 31 23:55:26 2019
487,Pumiao,22.75,108.49,290.15,88,40,3,CN,Sun Mar 31 23:00:00 2019
488,Abbeville,29.97,-92.13,281.15,75,1,1.5,US,Sun Mar 31 23:58:25 2019
489,Wajir,1.75,40.07,302.15,62,40,4.6,KE,Sun Mar 31 23:00:00 2019
490,Bakchar,57.02,82.07,275.14,77,80,4.8,RU,Sun Mar 31 23:58:44 2019
491,Banjar,-7.37,108.54,298.99,100,44,0.85,ID,Sun Mar 31 23:58:45 2019
492,Xining,36.62,101.77,289.64,18,0,1.8,CN,Sun Mar 31 23:58:45 2019
493,Saint-leu,-21.15,55.28,305.15,58,0,4.1,RE,Sun Mar 31 23:55:11 2019
494,Souillac,-20.52,57.52,303.15,66,40,1,MU,Sun Mar 31 23:54:01 2019
495,Batticaloa,7.71,81.69,305.44,77,0,2.3,LK,Sun Mar 31 23:54:24 2019
496,Taiyuan,37.86,112.56,291.15,6,0,2,CN,Sun Mar 31 23:30:00 2019
497,Palana,59.08,159.95,275.64,68,24,1.3,RU,Sun Mar 31 23:58:49 2019
498,Delanggu,-7.62,110.7,305.15,59,40,3.1,ID,Sun Mar 31 23:00:00 2019
499,Ocos,14.51,-92.19,297.15,94,40,4,GT,Sun Mar 31 22:45:00 2019
500,Pouembout,-21.12,164.9,300.14,67,68,1.4,NC,Sun Mar 31 23:58:50 2019
501,Kieta,-6.22,155.63,297.79,100,88,0.9,PG,Sun Mar 31 23:57:40 2019
502,Bumba,2.18,22.47,298.74,86,12,1.7,CD,Sun Mar 31 23:58:51 2019
503,Karema,-6.82,30.44,295.19,85,32,1.35,TZ,Sun Mar 31 23:58:52 2019
504,Qaqortoq,60.72,-46.03,263.15,40,0,5.1,GL,Sun Mar 31 22:50:00 2019
505,Zhaotong,27.34,103.71,291.14,56,0,1.1,CN,Sun Mar 31 23:58:53 2019
506,Kondoa,-4.91,35.78,293.64,90,92,2.35,TZ,Sun Mar 31 23:58:53 2019
507,Yegorlykskaya,46.56,40.65,279.29,73,0,5.55,RU,Sun Mar 31 23:58:54 2019
508,Hirara,24.8,125.28,291.15,77,75,7.2,JP,Sun Mar 31 23:00:00 2019
509,Portlethen,57.05,-2.13,277.15,86,36,4.1,GB,Sun Mar 31 23:58:24 2019
510,Half moon bay,37.46,-122.43,287.15,58,1,4.55,US,Sun Mar 31 23:57:20 2019
511,Xalpatlahuac,17.47,-98.62,285.19,88,0,0.95,MX,Sun Mar 31 23:58:56 2019
512,San nicolas,13.93,120.95,307.15,49,40,8.2,PH,Sun Mar 31 23:45:19 2019
513,Togur,58.36,82.83,274.64,80,64,6.1,RU,Sun Mar 31 23:58:57 2019
514,Kyra,49.58,111.97,275.69,44,8,2.05,RU,Sun Mar 31 23:58:57 2019
515,Vertou,47.17,-1.47,282.15,87,0,3.6,FR,Sun Mar 31 23:57:06 2019
516,Luderitz,-26.65,15.16,289.34,77,0,7.8,NA,Sun Mar 31 23:58:58 2019
517,Nizhnyaya tavda,57.67,66.17,274.74,91,64,7.7,RU,Sun Mar 31 23:58:59 2019
518,Trincomalee,8.58,81.23,307.04,65,0,1.75,LK,Sun Mar 31 23:58:59 2019
519,Rybachiy,48.71,44.74,281.15,61,0,5,RU,Sun Mar 31 23:30:00 2019
520,Iqaluit,63.75,-68.52,257.15,77,75,0.85,CA,Sun Mar 31 23:00:00 2019
521,Jacksonville,30.33,-81.66,288.15,87,90,2.6,US,Sun Mar 31 23:55:23 2019
522,Rorvik,64.86,11.24,278.15,100,90,4.1,NO,Sun Mar 31 23:55:02 2019
523,Vallenar,-28.58,-70.76,282.04,84,0,0.25,CL,Sun Mar 31 23:59:03 2019
524,Semey,50.41,80.25,284.15,66,0,2,KZ,Sun Mar 31 23:30:00 2019
525,Sherlovaya gora,50.53,116.31,276.99,24,44,4.4,RU,Sun Mar 31 23:59:04 2019
526,Roald,62.58,6.12,278.15,92,75,11.8,NO,Sun Mar 31 23:55:03 2019
527,Villa constitucion,-33.23,-60.33,296.48,91,64,2.75,AR,Sun Mar 31 23:56:41 2019
528,Shahgarh,24.31,79.12,306.49,30,0,2.55,IN,Sun Mar 31 23:59:05 2019
529,Omihachiman,35.15,136.07,284.26,31,88,2.95,JP,Sun Mar 31 23:56:37 2019
530,Muros,42.77,-9.06,286.48,71,0,2.1,ES,Sun Mar 31 23:58:56 2019
531,Novobeysugskaya,45.47,39.89,279.26,59,8,6.45,RU,Sun Mar 31 23:45:17 2019
532,Lopatino,53.85,39.47,277.34,92,8,4.55,RU,Sun Mar 31 23:59:08 2019
533,Havoysund,71,24.66,270.15,92,75,15.4,NO,Sun Mar 31 23:20:00 2019
534,Oranjestad,12.52,-70.03,299.15,83,40,8.7,AW,Sun Mar 31 23:00:00 2019
535,Villa san giovanni,45.52,9.23,285.93,70,0,0.5,IT,Sun Mar 31 23:59:04 2019
536,Margate,-30.86,30.37,296.84,92,64,6.15,ZA,Sun Mar 31 23:54:22 2019
537,Buenavista,8.97,125.41,299.64,89,76,3.55,PH,Sun Mar 31 23:59:10 2019
538,Mitu,1.2,-70.17,297.04,93,24,0.95,CO,Sun Mar 31 23:59:11 2019
539,Mineiros,-17.57,-52.55,291.49,83,8,1.2,BR,Sun Mar 31 23:57:50 2019
540,Dolores,-36.31,-57.68,289.69,85,24,1.75,AR,Sun Mar 31 23:59:12 2019
541,Madaoua,14.07,5.96,297.19,24,68,5.25,NE,Sun Mar 31 23:59:12 2019
542,Ovalle,-30.6,-71.2,285.19,95,80,1.2,CL,Sun Mar 31 23:59:13 2019
543,Leh,34.16,77.58,262.94,92,24,0.95,IN,Sun Mar 31 23:59:13 2019
544,Peterhead,57.51,-1.8,277.15,86,36,4.1,GB,Sun Mar 31 23:58:24 2019
545,Keti bandar,24.14,67.45,300.19,85,0,6.1,PK,Sun Mar 31 23:59:14 2019
546,Basoko,1.23,23.61,299.44,87,32,2.25,CD,Sun Mar 31 23:59:15 2019
547,Forecariah,9.43,-13.09,295.29,90,0,1.05,GN,Sun Mar 31 23:59:16 2019
548,Moerai,-22.43,-151.33,298.59,100,56,8.85,PF,Sun Mar 31 23:59:16 2019
549,Shubarshi,48.59,57.19,281.54,85,0,2.3,KZ,Sun Mar 31 23:59:17 2019
550,Surt,31.21,16.59,286.34,100,80,6.15,LY,Sun Mar 31 23:58:17 2019
551,Antiguo morelos,22.55,-99.08,287.04,58,92,2.68,MX,Sun Mar 31 23:55:16 2019
552,Chatham,39.68,-89.7,272.59,86,1,1.25,US,Sun Mar 31 23:55:08 2019
553,Vung tau,10.35,107.08,303.34,84,8,7.25,VN,Sun Mar 31 23:59:18 2019
554,Atambua,-9.11,124.89,301.09,99,24,2.1,ID,Sun Mar 31 23:59:19 2019
555,Kaya,13.09,-1.08,299.19,63,12,3.75,BF,Sun Mar 31 23:59:19 2019
556,Great falls,47.5,-111.29,277.59,86,40,1.3,US,Sun Mar 31 23:53:00 2019
